Front,Back,Context
What is the key finding of Kahlon et al. (2024) regarding mitochondrial redox state and neurogenesis?,"A developmentally regulated mitochondrial redox switch acts as a permissive signal for the onset of hippocampal neurogenesis, with ROS-dependent regulation of the neural stem cell pool.","The paper demonstrates that a shift from a reducing to oxidizing mitochondrial redox environment in neural stem cells (NSCs) coincides with the onset of adult neurogenesis in the dentate gyrus. This redox transition licenses NSCs to differentiate into neuronal lineages. The findings establish that mitochondrial redox status serves as a developmental checkpoint permitting neurogenesis."
What experimental model did Kahlon et al. use to study the relationship between mitochondrial redox and neurogenesis?,"The researchers used Tg(nestin-roGFP) transgenic mice that express a redox-sensitive GFP sensor specifically in nestin-expressing neural stem/progenitor cells, allowing real-time visualization of redox states in living tissue.","The transgenic model enabled the researchers to track the redox state of mitochondria specifically in neural stem cells during development. roGFP (redox-sensitive green fluorescent protein) changes its fluorescence properties based on oxidation/reduction, making it an ideal tool for monitoring cellular redox environments in vivo."
How does the mitochondrial redox environment change during postnatal development of the dentate gyrus?,"During early postnatal development (P7-P10), neural stem cells maintain a reducing environment, which shifts to a more oxidizing environment by P14-P21, coinciding with the onset of adult neurogenesis.","The study observed a significant developmental transition: in early postnatal development, nestin+ cells in the dentate gyrus exhibit a reducing mitochondrial environment. This transitions to a more oxidizing state as the animals mature. This redox switch appears to be spatiotemporally regulated and correlates with when these stem cells begin generating new neurons, suggesting the redox shift is a developmental checkpoint."
What effect does scavenging reactive oxygen species (ROS) have on neural stem cell (NSC) behavior in adult neurogenesis?,"Scavenging ROS using antioxidants like N-acetylcysteine (NAC) resulted in increased neural stem cell activation and pool expansion, while reducing neurogenesis, suggesting ROS is necessary for normal neuronal differentiation.","The researchers demonstrated that when they reduced ROS levels artificially using antioxidants, more neural stem cells remained in a quiescent or self-renewing state rather than differentiating into neurons. This manipulation depleted the newborn neuron population while expanding the stem cell pool, revealing that physiological levels of ROS are required for proper neuronal differentiation and stem cell pool maintenance."
How do changes in mitochondrial morphology correlate with the redox switch in neural stem cells?,"NSCs transition from having fragmented mitochondria with low ROS in early development to more fused, elongated mitochondria with higher ROS levels in adults, supporting the metabolic shift toward oxidative phosphorylation.","The paper details how mitochondrial dynamics change during development. Early postnatal NSCs predominantly contain fragmented mitochondria, which correlates with their reduced state. As development progresses, the mitochondria become more fused and elongated, coinciding with their more oxidized state. This morphological change supports a metabolic shift from glycolysis to oxidative phosphorylation."
What is the role of Drp1 (dynamin-related protein 1) in neural stem cell redox regulation and neurogenesis?,"Drp1, a mitochondrial fission protein, maintains the reducing environment in early NSCs. Its inactivation via phosphorylation leads to mitochondrial fusion, increased ROS production, and enables neurogenic differentiation.","The study found that Drp1 activity is high in early postnatal NSCs, promoting mitochondrial fragmentation and a reduced state. As development proceeds, Drp1 becomes increasingly phosphorylated at Ser637, which inactivates the protein, allowing mitochondrial fusion and increased oxidative phosphorylation. This transition increases ROS production and enables neurogenic differentiation. When the researchers manipulated Drp1 activity (by overexpressing constitutively active Drp1), they could prevent the normal redox transition."
What effect does manipulation of mitochondrial dynamics have on neural stem cell behavior in the Kahlon et al. study?,"Forcing mitochondrial fragmentation by expressing constitutively active Drp1 maintains a reducing environment, prevents the redox switch, and blocks neurogenesis while promoting stem cell expansion.","When researchers experimentally manipulated mitochondrial dynamics by expressing constitutively active Drp1 (which promotes fragmentation), they observed a significant impact on NSC behavior. This manipulation maintained NSCs in a reduced state, prevented the developmentally regulated redox switch, and led to diminished neurogenesis but increased stem cell proliferation. This intervention demonstrated the causal relationship between mitochondrial dynamics, redox state, and cell fate decisions."
How does the mitochondrial redox state influence Wnt signaling in neural stem cells?,"The oxidizing environment activates redox-dependent proteins like Dvl2 (Dishevelled 2), which enhance Wnt signaling. This ROS-dependent Wnt activation promotes neuronal differentiation of NSCs.","The study uncovered a molecular mechanism linking redox state to stem cell differentiation. In the oxidizing environment, redox-sensitive proteins like Dvl2 become activated, enhancing Wnt signaling which is crucial for neuronal differentiation. The researchers demonstrated that ROS can directly oxidize and activate Dvl2, and that this activation is necessary for proper neurogenesis. When this redox-sensitive Wnt activation was inhibited, neurogenesis was impaired."
What is the significance of the mitochondrial redox switch for adult neurogenesis throughout life?,"The redox switch serves as a developmental checkpoint that licenses neurogenesis. In adulthood, this oxidizing environment must be maintained for continuous neurogenesis, as reverting to a reducing state expands stem cells but inhibits neuron production.","The study shows that the redox transition is not just a one-time developmental event but has implications for neurogenesis throughout life. The oxidizing environment established during development must be maintained for proper adult neurogenesis. If the redox balance shifts back to a reducing environment (experimentally or potentially in pathological conditions), it can cause inappropriate stem cell expansion and reduced neuron production, potentially contributing to cognitive deficits or neural disorders."
How does the redox environment affect the balance between neural stem cell maintenance and differentiation?,"A reducing environment promotes NSC maintenance and expansion, while an oxidizing environment permits differentiation into neurons. This balance is critical for maintaining the stem cell pool while allowing continuous neurogenesis.","The paper demonstrates a fundamental trade-off regulated by redox state: reducing environments favor NSC self-renewal and maintenance, preserving the stem cell pool, while oxidizing environments permit differentiation into neurons but gradually deplete the stem cell pool. This balance is crucial for lifelong neurogenesis, as it ensures a continuing supply of new neurons while preventing premature exhaustion of the stem cell pool."
What techniques were used to visualize and measure redox states in live tissue?,"The researchers used two-photon microscopy to image redox-sensitive GFP (roGFP) in live brain slices, along with ratiometric analysis to quantify oxidation states in specific cellular compartments.","The study employed advanced imaging techniques to visualize redox states in living tissue. Two-photon microscopy allowed for deep tissue imaging with minimal photodamage. roGFP fluorescence changes based on oxidation state, and researchers measured the ratio of fluorescence at different excitation wavelengths to quantify the degree of oxidation. This approach enabled them to track redox states specifically in mitochondria of neural stem cells in intact tissue."
How does mitochondrial redox state affect NSC metabolism?,"The redox switch coincides with a metabolic shift from glycolysis to oxidative phosphorylation, with reduced NSCs being glycolytic and oxidized NSCs having increased OXPHOS capacity.","The paper discusses how redox state correlates with metabolic preferences. Early postnatal NSCs with reduced mitochondria rely primarily on glycolysis for energy production. As development proceeds and mitochondria become more oxidized, NSCs increase their capacity for oxidative phosphorylation. This metabolic shift supports the increased energy demands of neurogenesis and is consistent with the observed changes in mitochondrial morphology (fragmented to fused)."
What is the relationship between AMPK signaling and the mitochondrial redox switch?,"AMPK activation (indicating energy stress) promotes Drp1 phosphorylation, leading to mitochondrial fusion, increased ROS production, and the oxidizing environment required for neurogenesis.","The study identified AMP-activated protein kinase (AMPK) as an upstream regulator of the redox switch. AMPK becomes activated in response to energy stress and phosphorylates Drp1 at Ser637, inactivating it. This inactivation allows mitochondrial fusion, increases oxidative phosphorylation, and elevates ROS production. The researchers demonstrated that manipulating AMPK activity could affect the redox state and neurogenic potential of NSCs."
How might the findings about mitochondrial redox regulation influence therapeutic approaches for neurological disorders?,"The findings suggest potential therapeutic strategies targeting mitochondrial dynamics or redox state to enhance neurogenesis in disorders characterized by reduced neurogenesis, or to preserve stem cell pools in conditions of excessive oxidative stress.","The paper discusses potential therapeutic implications of their findings. Since reduced neurogenesis is observed in various neurological disorders (including Alzheimer's disease, depression, and epilepsy), manipulating mitochondrial dynamics or redox state could potentially enhance neurogenesis. Conversely, in conditions with excessive oxidative stress that may deplete stem cell pools, antioxidant approaches might help preserve neural stem cells. The authors suggest that a balanced approach may be needed to both maintain stem cells and support neurogenesis."
What unexpected effect did antioxidant treatment have on neural stem cells?,"Contrary to the expectation that antioxidants would simply protect cells, antioxidant treatment expanded the neural stem cell pool but reduced neurogenesis, revealing the essential role of ROS in neural differentiation.","The study revealed a paradoxical effect of antioxidant treatment. While antioxidants are often thought of as protective, the researchers found that treating animals with the antioxidant N-acetylcysteine (NAC) actually disrupted normal neurogenesis. The treatment maintained neural stem cells in a reduced state, caused inappropriate expansion of the stem cell pool, and significantly reduced the production of new neurons. This finding challenges simplistic views of antioxidants as universally beneficial and highlights the importance of physiological ROS levels for proper development and differentiation."